{"cameraMode":{"drawMode":0,"name":"Shaded","section":"Shading Mode"},"sceneLighting":false,"audioPlay":false,"sceneViewState":{"m_AlwaysRefresh":false,"showFog":true,"showSkybox":false,"showFlares":true,"showImageEffects":true,"showParticleSystems":true,"showVisualEffectGraphs":true,"m_FxEnabled":true},"in2DMode":false,"pivot":{"x":0.4248993396759033,"y":1.814375877380371,"z":-3.8317203521728517},"rotation":{"x":0.12685805559158326,"y":0.8550541996955872,"z":-0.24801436066627503,"w":0.4373556673526764},"size":15.110660552978516,"orthographic":false}